acquire,습득,획득
comprehensive,포괄적,광범위
implement,실행,이행
collaborate,협력,공동 작업
negotiation,협상,교섭
innovation,혁신,개혁
evaluate,평가,측정
compensate,보상,배상
requirement,요구사항,필요조건
authorization,인가,승인
acquire,습득,획득
comprehensive,포괄적,광범위
implement,실행,이행
collaborate,협력,공동 작업
negotiation,협상,교섭
innovation,혁신,개혁
evaluate,평가,측정
compensate,보상,배상
requirement,요구사항,필요조건
authorization,인가,승인
acquire,습득,획득
comprehensive,포괄적,광범위
implement,실행,이행
collaborate,협력,공동 작업
negotiation,협상,교섭
innovation,혁신,개혁
evaluate,평가,측정
compensate,보상,배상
requirement,요구사항,필요조건
authorization,인가,승인
acquire,습득,획득
comprehensive,포괄적,광범위
implement,실행,이행
collaborate,협력,공동 작업
negotiation,협상,교섭
innovation,혁신,개혁
evaluate,평가,측정
compensate,보상,배상
requirement,요구사항,필요조건
authorization,인가,승인
acquire,습득,획득
comprehensive,포괄적,광범위
implement,실행,이행
collaborate,협력,공동 작업
negotiation,협상,교섭
innovation,혁신,개혁
evaluate,평가,측정
compensate,보상,배상
requirement,요구사항,필요조건
authorization,인가,승인
